Hilos;Ejecucion;Ticks
1;1;19787
1;2;4818
1;3;5471
1;4;3620
1;5;3083
1;6;2919
1;7;2775
1;8;2298
1;9;2950
1;10;2504
1;11;2673
1;12;2235
1;13;3338
1;14;2296
1;15;2495
Media Ticks: 
1;4217
2;1;3385
2;2;4828
2;3;4250
2;4;3724
2;5;3272
2;6;3633
2;7;3608
2;8;4127
2;9;3165
2;10;3380
2;11;2930
2;12;3628
2;13;3627
2;14;5701
2;15;4700
Media Ticks: 
2;3863
3;1;5426
3;2;4354
3;3;3916
3;4;4375
3;5;4487
3;6;4027
3;7;3901
3;8;3991
3;9;4257
3;10;3864
3;11;4420
3;12;3972
3;13;3958
3;14;4781
3;15;4352
Media Ticks: 
3;4272
4;1;5987
4;2;5615
4;3;5552
4;4;4941
4;5;5083
4;6;4907
4;7;6257
4;8;6401
4;9;5368
4;10;5477
4;11;8202
4;12;6437
4;13;5642
4;14;5052
4;15;4844
Media Ticks: 
4;5717
5;1;9569
5;2;6568
5;3;6521
5;4;8307
5;5;7019
5;6;6734
5;7;6539
5;8;8133
5;9;7587
5;10;8093
5;11;6327
5;12;5745
5;13;6029
5;14;5806
5;15;5507
Media Ticks: 
5;6965
6;1;7243
6;2;6686
6;3;7150
6;4;6698
6;5;6893
6;6;6990
6;7;7049
6;8;8175
6;9;7563
6;10;7191
6;11;6634
6;12;7438
6;13;6377
6;14;6427
6;15;7419
Media Ticks: 
6;7062
7;1;9339
7;2;7655
7;3;6959
7;4;9173
7;5;7257
7;6;11518
7;7;13238
7;8;8145
7;9;7693
7;10;8661
7;11;8285
7;12;9154
7;13;15313
7;14;10095
7;15;9099
Media Ticks: 
7;9438
8;1;10146
8;2;9855
8;3;11285
8;4;11234
8;5;11419
8;6;11898
8;7;10316
8;8;10130
8;9;9534
8;10;11313
8;11;10351
8;12;10739
8;13;11283
8;14;12975
8;15;11796
Media Ticks: 
8;10951
9;1;11149
9;2;10148
9;3;9040
9;4;8887
9;5;10985
9;6;10981
9;7;10653
9;8;13439
9;9;10278
9;10;11106
9;11;11840
9;12;9683
9;13;10736
9;14;11767
9;15;10837
Media Ticks: 
9;10768
10;1;12004
10;2;12251
10;3;12433
10;4;11197
10;5;11754
10;6;10630
10;7;12860
10;8;13617
10;9;12846
10;10;15355
10;11;13461
10;12;11866
10;13;18249
10;14;11936
10;15;14792
Media Ticks: 
10;13016
11;1;15727
11;2;12462
11;3;11451
11;4;15748
11;5;13418
11;6;12058
11;7;16103
11;8;16660
11;9;18403
11;10;13431
11;11;12550
11;12;15088
11;13;17025
11;14;17397
11;15;17111
Media Ticks: 
11;14975
12;1;15562
12;2;15325
12;3;14416
12;4;15520
12;5;16307
12;6;18120
12;7;14976
12;8;11186
12;9;12236
12;10;14490
12;11;14466
12;12;11506
12;13;14389
12;14;18029
12;15;17729
Media Ticks: 
12;14950
13;1;14011
13;2;12683
13;3;15759
13;4;13186
13;5;15039
13;6;14951
13;7;12325
13;8;17528
13;9;14671
13;10;18063
13;11;18734
13;12;13817
13;13;17924
13;14;15763
13;15;14144
Media Ticks: 
13;15239
14;1;17042
14;2;13921
14;3;15382
14;4;19659
14;5;13461
14;6;15058
14;7;19063
14;8;16887
14;9;17454
14;10;16485
14;11;19199
14;12;13100
14;13;14794
14;14;25892
14;15;28861
Media Ticks: 
14;17750
15;1;22771
15;2;20234
15;3;16487
15;4;15602
15;5;17733
15;6;17256
15;7;19628
15;8;16342
15;9;14794
15;10;18275
15;11;16643
15;12;22413
15;13;17623
15;14;19320
15;15;18858
Media Ticks: 
15;18265
16;1;21219
16;2;17340
16;3;17160
16;4;18276
16;5;18738
16;6;24644
16;7;18930
16;8;19441
16;9;16780
16;10;18442
16;11;17720
16;12;23063
16;13;18181
16;14;16341
16;15;17760
Media Ticks: 
16;18935
17;1;16306
17;2;21747
17;3;19637
17;4;23408
17;5;19022
17;6;20523
17;7;21163
17;8;17673
17;9;20082
17;10;16639
17;11;27192
17;12;15768
17;13;21934
17;14;24319
17;15;26267
Media Ticks: 
17;20778
18;1;17980
18;2;21577
18;3;20406
18;4;24404
18;5;23084
18;6;23598
18;7;18913
18;8;25773
18;9;24688
18;10;22425
18;11;18220
18;12;26341
18;13;26469
18;14;19038
18;15;17784
Media Ticks: 
18;22046
19;1;24287
19;2;17642
19;3;22427
19;4;27079
19;5;25532
19;6;22507
19;7;21346
19;8;25642
19;9;20258
19;10;20029
19;11;21108
19;12;17640
19;13;20582
19;14;25084
19;15;24414
Media Ticks: 
19;22371
20;1;21678
20;2;25718
20;3;28350
20;4;27833
20;5;25702
20;6;23168
20;7;25126
20;8;21896
20;9;24060
20;10;18391
20;11;24406
20;12;21858
20;13;23877
20;14;19045
20;15;26489
Media Ticks: 
20;23839
21;1;22693
21;2;35538
21;3;39522
21;4;22382
21;5;32791
21;6;34510
21;7;28980
21;8;26039
21;9;34120
21;10;27336
21;11;19736
21;12;23907
21;13;24844
21;14;24171
21;15;24325
Media Ticks: 
21;28059
22;1;38661
22;2;40325
22;3;27606
22;4;28874
22;5;29059
22;6;27402
22;7;29498
22;8;23283
22;9;26783
22;10;30365
22;11;27856
22;12;41270
22;13;26541
22;14;23571
22;15;28151
Media Ticks: 
22;29949
23;1;26594
23;2;29109
23;3;23073
23;4;27750
23;5;30422
23;6;24149
23;7;29108
23;8;27325
23;9;24166
23;10;23780
23;11;23626
23;12;26286
23;13;27214
23;14;30037
23;15;24864
Media Ticks: 
23;26500
24;1;31242
24;2;40319
24;3;28732
24;4;29479
24;5;27928
24;6;36501
24;7;24509
24;8;34845
24;9;42292
24;10;31432
24;11;32229
24;12;26818
24;13;27019
24;14;25271
24;15;26616
Media Ticks: 
24;31015
25;1;30371
25;2;36214
25;3;26782
25;4;29576
25;5;27477
25;6;27472
25;7;29479
25;8;29677
25;9;33870
25;10;35098
25;11;26373
25;12;29207
25;13;31157
25;14;58701
25;15;37761
Media Ticks: 
25;32614
26;1;35269
26;2;54450
26;3;48030
26;4;40043
26;5;46581
26;6;41542
26;7;37067
26;8;33474
26;9;30752
26;10;34704
26;11;39686
26;12;37370
26;13;40406
26;14;32768
26;15;32276
Media Ticks: 
26;38961
27;1;31713
27;2;43117
27;3;44121
27;4;42624
27;5;49903
27;6;37235
27;7;40000
27;8;35017
27;9;35755
27;10;38993
27;11;34405
27;12;35656
27;13;31915
27;14;35937
27;15;38138
Media Ticks: 
27;38301
28;1;34869
28;2;48349
28;3;38425
28;4;30983
28;5;37380
28;6;36481
28;7;33709
28;8;40071
28;9;46364
28;10;41856
28;11;45204
28;12;50860
28;13;40103
28;14;41187
28;15;40816
Media Ticks: 
28;40443
29;1;41100
29;2;41567
29;3;40384
29;4;36239
29;5;39236
29;6;40013
29;7;34640
29;8;36693
29;9;40228
29;10;35994
29;11;31583
29;12;34944
29;13;37427
29;14;35361
29;15;35522
Media Ticks: 
29;37395
30;1;31155
30;2;37527
30;3;37346
30;4;32165
30;5;33261
30;6;34852
30;7;40164
30;8;37875
30;9;37387
30;10;44787
30;11;36563
30;12;36506
30;13;39430
30;14;36092
30;15;35770
Media Ticks: 
30;36725
31;1;35347
31;2;43787
31;3;38807
31;4;32778
31;5;47505
31;6;46025
31;7;42324
31;8;52888
31;9;40783
31;10;36785
31;11;44219
31;12;34921
31;13;50221
31;14;43256
31;15;35365
Media Ticks: 
31;41667
32;1;45296
32;2;46199
32;3;40330
32;4;42497
32;5;44606
32;6;34904
32;7;47293
32;8;52808
32;9;43536
32;10;44060
32;11;44718
32;12;36538
32;13;36648
32;14;36197
32;15;34712
Media Ticks: 
32;42022
33;1;40279
33;2;36080
33;3;36493
33;4;40184
33;5;45648
33;6;41986
33;7;56219
33;8;52241
33;9;46831
33;10;52691
33;11;38649
33;12;41636
33;13;47041
33;14;45775
33;15;37349
Media Ticks: 
33;43940
34;1;46129
34;2;43362
34;3;48911
34;4;47616
34;5;44779
34;6;53946
34;7;54418
34;8;51282
34;9;38678
34;10;39154
34;11;56769
34;12;40999
34;13;45657
34;14;49906
34;15;37872
Media Ticks: 
34;46631
35;1;48195
35;2;44237
35;3;40690
35;4;41637
35;5;40637
35;6;40654
35;7;41061
35;8;40174
35;9;45108
35;10;45970
35;11;42244
35;12;49269
35;13;48104
35;14;41316
35;15;36381
Media Ticks: 
35;43045
36;1;40319
36;2;44660
36;3;42761
36;4;43217
36;5;42636
36;6;35587
36;7;41543
36;8;43750
36;9;40299
36;10;52034
36;11;43784
36;12;38231
36;13;45885
36;14;37228
36;15;38286
Media Ticks: 
36;42014
37;1;45038
37;2;37347
37;3;36403
37;4;50142
37;5;49027
37;6;50767
37;7;39267
37;8;37453
37;9;53032
37;10;48110
37;11;49671
37;12;42777
37;13;43125
37;14;46466
37;15;55640
Media Ticks: 
37;45617
38;1;57695
38;2;61875
38;3;55161
38;4;48417
38;5;51191
38;6;56466
38;7;55408
38;8;45098
38;9;45445
38;10;54561
38;11;64420
38;12;57822
38;13;44336
38;14;50104
38;15;52474
Media Ticks: 
38;53364
39;1;52039
39;2;54363
39;3;42953
39;4;40560
39;5;51350
39;6;42230
39;7;50203
39;8;46866
39;9;44766
39;10;45854
39;11;39927
39;12;55343
39;13;50878
39;14;42702
39;15;45536
Media Ticks: 
39;47038
40;1;43115
40;2;50406
40;3;55358
40;4;47252
40;5;44110
40;6;42761
40;7;47077
40;8;50365
40;9;44994
40;10;46916
40;11;52154
40;12;68377
40;13;55602
40;14;47736
40;15;53032
Media Ticks: 
40;49950
41;1;43674
41;2;49008
41;3;48297
41;4;46700
41;5;52488
41;6;52786
41;7;53746
41;8;49326
41;9;46762
41;10;49544
41;11;40793
41;12;45201
41;13;43305
41;14;39945
41;15;49623
Media Ticks: 
41;47413
42;1;50712
42;2;50520
42;3;53116
42;4;44895
42;5;45925
42;6;44190
42;7;49741
42;8;49310
42;9;45295
42;10;47433
42;11;51215
42;12;52487
42;13;54961
42;14;44712
42;15;53869
Media Ticks: 
42;49225
43;1;46728
43;2;46756
43;3;50885
43;4;51053
43;5;52738
43;6;48692
43;7;60357
43;8;47103
43;9;51039
43;10;65828
43;11;52257
43;12;64787
43;13;47791
43;14;65757
43;15;65111
Media Ticks: 
43;54458
44;1;59662
44;2;54532
44;3;51696
44;4;54760
44;5;60859
44;6;67525
44;7;55452
44;8;51905
44;9;55061
44;10;60340
44;11;51326
44;12;56816
44;13;51711
44;14;57811
44;15;52679
Media Ticks: 
44;56142
45;1;53019
45;2;56294
45;3;54932
45;4;51194
45;5;58030
45;6;59578
45;7;53017
45;8;53677
45;9;49847
45;10;46411
45;11;57742
45;12;58377
45;13;51958
45;14;50580
45;15;53552
Media Ticks: 
45;53880
46;1;53747
46;2;48391
46;3;57551
46;4;54109
46;5;60021
46;6;50538
46;7;62124
46;8;54920
46;9;63635
46;10;51354
46;11;55316
46;12;59779
46;13;61749
46;14;52381
46;15;56195
Media Ticks: 
46;56120
47;1;49694
47;2;62168
47;3;52046
47;4;52309
47;5;61364
47;6;60527
47;7;53750
47;8;56406
47;9;60510
47;10;66486
47;11;64555
47;12;56006
47;13;61843
47;14;63138
47;15;67143
Media Ticks: 
47;59196
48;1;66535
48;2;61101
48;3;68574
48;4;68479
48;5;62092
48;6;51180
48;7;74615
48;8;62765
48;9;68699
48;10;59261
48;11;51284
48;12;52053
48;13;54891
48;14;52202
48;15;58092
Media Ticks: 
48;60788
49;1;54075
49;2;62473
49;3;67496
49;4;59614
49;5;53223
49;6;57811
49;7;48286
49;8;57615
49;9;69723
49;10;74826
49;11;53257
49;12;61928
49;13;52478
49;14;54319
49;15;61524
Media Ticks: 
49;59243
50;1;50158
50;2;56804
50;3;63893
50;4;54267
50;5;52529
50;6;62475
50;7;64314
50;8;81352
50;9;74412
50;10;61604
50;11;58986
50;12;53754
50;13;54774
50;14;61156
50;15;56431
Media Ticks: 
50;60460
